BITMEX,XBTXRP,xbt_xrp
BINANCE,ETHBTC,eth_btc
BINANCE,LTCBTC,ltc_btc
BINANCE,BNBBTC,bnb_btc
BINANCE,NEOBTC,neo_btc
BINANCE,QTUMETH,qtum_eth
BINANCE,EOSETH,eos_eth
BINANCE,SNTETH,snt_eth
BINANCE,BNTETH,bnt_eth
BINANCE,BCCBTC,bcc_btc
BINANCE,GASBTC,gas_btc
BINANCE,BNBETH,bnb_eth
BINANCE,BTCUSDT,btc_usdt
BINANCE,ETHUSDT,eth_usdt
BINANCE,HSRBTC,hsr_btc
BINANCE,OAXETH,oax_eth
BINANCE,DNTETH,dnt_eth
BINANCE,MCOETH,mco_eth
BINANCE,ICNETH,icn_eth
BINANCE,MCOBTC,mco_btc
BINANCE,WTCBTC,wtc_btc
BINANCE,WTCETH,wtc_eth
BINANCE,LRCBTC,lrc_btc
BINANCE,LRCETH,lrc_eth
BINANCE,QTUMBTC,qtum_btc
BINANCE,YOYOBTC,yoyo_btc
BINANCE,OMGBTC,omg_btc
BINANCE,OMGETH,omg_eth
BINANCE,ZRXBTC,zrx_btc
BINANCE,ZRXETH,zrx_eth
BINANCE,STRATBTC,strat_btc
BINANCE,STRATETH,strat_eth
BINANCE,SNGLSBTC,sngls_btc
BINANCE,SNGLSETH,sngls_eth
BINANCE,BQXBTC,bqx_btc
BINANCE,BQXETH,bqx_eth
BINANCE,KNCBTC,knc_btc
BINANCE,KNCETH,knc_eth
BINANCE,FUNBTC,fun_btc
BINANCE,FUNETH,fun_eth
BINANCE,SNMBTC,snm_btc
BINANCE,SNMETH,snm_eth
BINANCE,NEOETH,neo_eth
BINANCE,IOTABTC,iota_btc
BINANCE,IOTAETH,iota_eth
BINANCE,LINKBTC,link_btc
BINANCE,LINKETH,link_eth
BINANCE,XVGBTC,xvg_btc
BINANCE,XVGETH,xvg_eth
BINANCE,CTRBTC,ctr_btc
BINANCE,CTRETH,ctr_eth
BINANCE,SALTBTC,salt_btc
BINANCE,SALTETH,salt_eth
BINANCE,MDABTC,mda_btc
BINANCE,MDAETH,mda_eth
BINANCE,MTLBTC,mtl_btc
BINANCE,MTLETH,mtl_eth
BINANCE,SUBBTC,sub_btc
BINANCE,SUBETH,sub_eth
BINANCE,EOSBTC,eos_btc
BINANCE,SNTBTC,snt_btc
BINANCE,ETCETH,etc_eth
BINANCE,ETCBTC,etc_btc
BINANCE,MTHBTC,mth_btc
BINANCE,MTHETH,mth_eth
BINANCE,ENGBTC,eng_btc
BINANCE,ENGETH,eng_eth
BINANCE,DNTBTC,dnt_btc
BINANCE,ZECBTC,zec_btc
BINANCE,ZECETH,zec_eth
BINANCE,BNTBTC,bnt_btc
BINANCE,ASTBTC,ast_btc
BINANCE,ASTETH,ast_eth
BINANCE,DASHBTC,dash_btc
BINANCE,DASHETH,dash_eth
BINANCE,OAXBTC,oax_btc
BINANCE,ICNBTC,icn_btc
BINANCE,BTGBTC,btg_btc
BINANCE,BTGETH,btg_eth
BINANCE,EVXBTC,evx_btc
BINANCE,EVXETH,evx_eth
BINANCE,REQBTC,req_btc
BINANCE,REQETH,req_eth
BINANCE,VIBBTC,vib_btc
BINANCE,VIBETH,vib_eth
BINANCE,HSRETH,hsr_eth
BINANCE,TRXBTC,trx_btc
BINANCE,TRXETH,trx_eth
BINANCE,POWRBTC,powr_btc
BINANCE,POWRETH,powr_eth
BINANCE,ARKBTC,ark_btc
BINANCE,ARKETH,ark_eth
BINANCE,YOYOETH,yoyo_eth
BINANCE,XRPBTC,xrp_btc
BINANCE,XRPUSDT,xrp_usdt
BINANCE,XRPETH,xrp_eth
BINANCE,MODBTC,mod_btc
BINANCE,MODETH,mod_eth
BINANCE,ENJBTC,enj_btc
BINANCE,ENJETH,enj_eth
BINANCE,STORJBTC,storj_btc
BINANCE,STORJETH,storj_eth
BINANCE,BNBUSDT,bnb_usdt
BINANCE,VENBNB,ven_bnb
BINANCE,YOYOBNB,yoyo_bnb
BINANCE,POWRBNB,powr_bnb
BINANCE,VENBTC,ven_btc
BINANCE,VENETH,ven_eth
BINANCE,KMDBTC,kmd_btc
BINANCE,KMDETH,kmd_eth
BINANCE,NULSBNB,nuls_bnb
BINANCE,RCNBTC,rcn_btc
BINANCE,RCNETH,rcn_eth
BINANCE,RCNBNB,rcn_bnb
BINANCE,NULSBTC,nuls_btc
BINANCE,NULSETH,nuls_eth
BINANCE,RDNBTC,rdn_btc
BINANCE,RDNETH,rdn_eth
BINANCE,RDNBNB,rdn_bnb
BINANCE,XMRBTC,xmr_btc
BINANCE,XMRETH,xmr_eth
BINANCE,DLTBNB,dlt_bnb
BINANCE,WTCBNB,wtc_bnb
BINANCE,DLTBTC,dlt_btc
BINANCE,DLTETH,dlt_eth
BINANCE,AMBBTC,amb_btc
BINANCE,AMBETH,amb_eth
BINANCE,AMBBNB,amb_bnb
BINANCE,BCCETH,bcc_eth
BINANCE,BCCUSDT,bcc_usdt
BINANCE,BCCBNB,bcc_bnb
BINANCE,BATBTC,bat_btc
BINANCE,BATETH,bat_eth
BINANCE,BATBNB,bat_bnb
BINANCE,BCPTBTC,bcpt_btc
BINANCE,BCPTETH,bcpt_eth
BINANCE,BCPTBNB,bcpt_bnb
BINANCE,ARNBTC,arn_btc
BINANCE,ARNETH,arn_eth
BINANCE,GVTBTC,gvt_btc
BINANCE,GVTETH,gvt_eth
BINANCE,CDTBTC,cdt_btc
BINANCE,CDTETH,cdt_eth
BINANCE,GXSBTC,gxs_btc
BINANCE,GXSETH,gxs_eth
BINANCE,NEOUSDT,neo_usdt
BINANCE,NEOBNB,neo_bnb
BINANCE,POEBTC,poe_btc
BINANCE,POEETH,poe_eth
BINANCE,QSPBTC,qsp_btc
BINANCE,QSPETH,qsp_eth
BINANCE,QSPBNB,qsp_bnb
BINANCE,BTSBTC,bts_btc
BINANCE,BTSETH,bts_eth
BINANCE,BTSBNB,bts_bnb
BINANCE,XZCBTC,xzc_btc
BINANCE,XZCETH,xzc_eth
BINANCE,XZCBNB,xzc_bnb
BINANCE,LSKBTC,lsk_btc
BINANCE,LSKETH,lsk_eth
BINANCE,LSKBNB,lsk_bnb
BINANCE,TNTBTC,tnt_btc
BINANCE,TNTETH,tnt_eth
BINANCE,FUELBTC,fuel_btc
BINANCE,FUELETH,fuel_eth
BINANCE,MANABTC,mana_btc
BINANCE,MANAETH,mana_eth
BINANCE,BCDBTC,bcd_btc
BINANCE,BCDETH,bcd_eth
BINANCE,DGDBTC,dgd_btc
BINANCE,DGDETH,dgd_eth
BINANCE,IOTABNB,iota_bnb
BINANCE,ADXBTC,adx_btc
BINANCE,ADXETH,adx_eth
BINANCE,ADXBNB,adx_bnb
BINANCE,ADABTC,ada_btc
BINANCE,ADAETH,ada_eth
BINANCE,PPTBTC,ppt_btc
BINANCE,PPTETH,ppt_eth
BINANCE,CMTBTC,cmt_btc
BINANCE,CMTETH,cmt_eth
BINANCE,CMTBNB,cmt_bnb
BINANCE,XLMBTC,xlm_btc
BINANCE,XLMETH,xlm_eth
BINANCE,XLMBNB,xlm_bnb
BINANCE,CNDBTC,cnd_btc
BINANCE,CNDETH,cnd_eth
BINANCE,CNDBNB,cnd_bnb
BINANCE,LENDBTC,lend_btc
BINANCE,LENDETH,lend_eth
BINANCE,WABIBTC,wabi_btc
BINANCE,WABIETH,wabi_eth
BINANCE,WABIBNB,wabi_bnb
BINANCE,LTCETH,ltc_eth
BINANCE,LTCUSDT,ltc_usdt
BINANCE,LTCBNB,ltc_bnb
BINANCE,TNBBTC,tnb_btc
BINANCE,TNBETH,tnb_eth
BINANCE,WAVESBTC,waves_btc
BINANCE,WAVESETH,waves_eth
BINANCE,WAVESBNB,waves_bnb
BINANCE,GTOBTC,gto_btc
BINANCE,GTOETH,gto_eth
BINANCE,GTOBNB,gto_bnb
BINANCE,ICXBTC,icx_btc
BINANCE,ICXETH,icx_eth
BINANCE,ICXBNB,icx_bnb
BINANCE,OSTBTC,ost_btc
BINANCE,OSTETH,ost_eth
BINANCE,OSTBNB,ost_bnb
BINANCE,ELFBTC,elf_btc
BINANCE,ELFETH,elf_eth
BINANCE,AIONBTC,aion_btc
BINANCE,AIONETH,aion_eth
BINANCE,AIONBNB,aion_bnb
BINANCE,NEBLBTC,nebl_btc
BINANCE,NEBLETH,nebl_eth
BINANCE,NEBLBNB,nebl_bnb
BINANCE,BRDBTC,brd_btc
BINANCE,BRDETH,brd_eth
BINANCE,BRDBNB,brd_bnb
BINANCE,MCOBNB,mco_bnb
BINANCE,EDOBTC,edo_btc
BINANCE,EDOETH,edo_eth
BINANCE,WINGSBTC,wings_btc
BINANCE,WINGSETH,wings_eth
BINANCE,NAVBTC,nav_btc
BINANCE,NAVETH,nav_eth
BINANCE,NAVBNB,nav_bnb
BINANCE,LUNBTC,lun_btc
BINANCE,LUNETH,lun_eth
BINANCE,TRIGBTC,trig_btc
BINANCE,TRIGETH,trig_eth
BINANCE,TRIGBNB,trig_bnb
BINANCE,APPCBTC,appc_btc
BINANCE,APPCETH,appc_eth
BINANCE,APPCBNB,appc_bnb
BINANCE,VIBEBTC,vibe_btc
BINANCE,VIBEETH,vibe_eth
BINANCE,RLCBTC,rlc_btc
BINANCE,RLCETH,rlc_eth
BINANCE,RLCBNB,rlc_bnb
BINANCE,INSBTC,ins_btc
BINANCE,INSETH,ins_eth
BINANCE,PIVXBTC,pivx_btc
BINANCE,PIVXETH,pivx_eth
BINANCE,PIVXBNB,pivx_bnb
BINANCE,IOSTBTC,iost_btc
BINANCE,IOSTETH,iost_eth
BINANCE,CHATBTC,chat_btc
BINANCE,CHATETH,chat_eth
BINANCE,STEEMBTC,steem_btc
BINANCE,STEEMETH,steem_eth
BINANCE,STEEMBNB,steem_bnb
BINANCE,NANOBTC,xrb_btc
BINANCE,NANOETH,xrb_eth
BINANCE,NANOBNB,xrb_bnb
BINANCE,VIABTC,via_btc
BINANCE,VIAETH,via_eth
BINANCE,VIABNB,via_bnb
BINANCE,BLZBTC,blz_btc
BINANCE,BLZETH,blz_eth
BINANCE,BLZBNB,blz_bnb
BINANCE,AEBTC,ae_btc
BINANCE,AEETH,ae_eth
BINANCE,AEBNB,ae_bnb
BINANCE,RPXBTC,rpx_btc
BINANCE,RPXETH,rpx_eth
BINANCE,RPXBNB,rpx_bnb
BINANCE,NCASHBTC,ncash_btc
BINANCE,NCASHETH,ncash_eth
BINANCE,NCASHBNB,ncash_bnb
BINANCE,POABTC,poa_btc
BINANCE,POAETH,poa_eth
BINANCE,POABNB,poa_bnb
BINANCE,ZILBTC,zil_btc
BINANCE,ZILETH,zil_eth
BINANCE,ZILBNB,zil_bnb
BINANCE,ONTBTC,ont_btc
BINANCE,ONTETH,ont_eth
BINANCE,ONTBNB,ont_bnb
BINANCE,STORMBTC,storm_btc
BINANCE,STORMETH,storm_eth
BINANCE,STORMBNB,storm_bnb
BINANCE,QTUMBNB,qtum_bnb
BINANCE,QTUMUSDT,qtum_usdt
BINANCE,XEMBTC,xem_btc
BINANCE,XEMETH,xem_eth
BINANCE,XEMBNB,xem_bnb
BINANCE,WANBTC,wan_btc
BINANCE,WANETH,wan_eth
BINANCE,WANBNB,wan_bnb
BINANCE,QLCBTC,qlc_btc
BINANCE,QLCETH,qlc_eth
BINANCE,WPRBTC,wpr_btc
BINANCE,WPRETH,wpr_eth
BINANCE,SYSBTC,sys_btc
BINANCE,SYSETH,sys_eth
BINANCE,SYSBNB,sys_bnb
BINANCE,QLCBNB,qlc_bnb
BINANCE,GRSBTC,grs_btc
BINANCE,GRSETH,grs_eth
BINANCE,ADAUSDT,ada_usdt
BINANCE,ADABNB,ada_bnb
BINANCE,CLOAKBTC,cloak_btc
BINANCE,CLOAKETH,cloak_eth
BINANCE,GNTBTC,gnt_btc
BINANCE,GNTETH,gnt_eth
BINANCE,GNTBNB,gnt_bnb
BITFINEX,BTCUSD,btc_usd
BITFINEX,LTCUSD,ltc_usd
BITFINEX,LTCBTC,ltc_btc
BITFINEX,ETHUSD,eth_usd
BITFINEX,ETHBTC,eth_btc
BITFINEX,ETCBTC,etc_btc
BITFINEX,ETCUSD,etc_usd
BITFINEX,ZECUSD,zec_usd
BITFINEX,ZECBTC,zec_btc
BITFINEX,XMRUSD,xmr_usd
BITFINEX,XMRBTC,xmr_btc
BITFINEX,BCCBTC,bcc_btc
BITFINEX,BCCUSD,bcc_usd
BITFINEX,BTCEUR,btc_eur
BITFINEX,XRPUSD,xrp_usd
BITFINEX,XRPBTC,xrp_btc
BITFINEX,IOTUSD,iot_usd
BITFINEX,IOTBTC,iot_btc
BITFINEX,IOTETH,iot_eth
BITFINEX,EOSUSD,eos_usd
BITFINEX,EOSBTC,eos_btc
BITFINEX,EOSETH,eos_eth
BITFINEX,OMGUSD,omg_usd
BITFINEX,OMGBTC,omg_btc
BITFINEX,OMGETH,omg_eth
BITFINEX,BCHUSD,bch_usd
BITFINEX,BCHBTC,bch_btc
BITFINEX,BCHETH,bch_eth
BITFINEX,NEOUSD,neo_usd
BITFINEX,NEOBTC,neo_btc
BITFINEX,NEOETH,neo_eth
BITFINEX,ETPUSD,etp_usd
BITFINEX,ETPBTC,etp_btc
BITFINEX,ETPETH,etp_eth
BITFINEX,EDOUSD,edo_usd
BITFINEX,EDOBTC,edo_btc
BITFINEX,EDOETH,edo_eth
BITFINEX,BTGUSD,btg_usd
BITFINEX,BTGBTC,btg_btc
BITFINEX,QSHUSD,qsh_usd
BITFINEX,QSHBTC,qsh_btc
BITFINEX,QSHETH,qsh_eth
BITFINEX,RRTUSD,rrt_usd
BITFINEX,RRTBTC,rrt_btc
BITFINEX,DSHUSD,dsh_usd
BITFINEX,DSHBTC,dsh_btc
BITFINEX,SANUSD,san_usd
BITFINEX,SANBTC,san_btc
BITFINEX,SANETH,san_eth
BITFINEX,QTMUSD,qtm_usd
BITFINEX,QTMBTC,qtm_btc
BITFINEX,QTMETH,qtm_eth
BITFINEX,AVTUSD,avt_usd
BITFINEX,AVTBTC,avt_btc
BITFINEX,AVTETH,avt_eth
BITFINEX,DATUSD,dat_usd
BITFINEX,DATBTC,dat_btc
BITFINEX,DATETH,dat_eth
BITFINEX,YYWUSD,yyw_usd
BITFINEX,YYWBTC,yyw_btc
BITFINEX,YYWETH,yyw_eth
BITFINEX,GNTUSD,gnt_usd
BITFINEX,GNTBTC,gnt_btc
BITFINEX,GNTETH,gnt_eth
BITFINEX,SNTUSD,snt_usd
BITFINEX,SNTBTC,snt_btc
BITFINEX,SNTETH,snt_eth
BITFINEX,IOTEUR,iot_eur
BITFINEX,BATUSD,bat_usd
BITFINEX,BATBTC,bat_btc
BITFINEX,BATETH,bat_eth
BITFINEX,MNAUSD,mna_usd
BITFINEX,MNABTC,mna_btc
BITFINEX,MNAETH,mna_eth
BITFINEX,FUNUSD,fun_usd
BITFINEX,FUNBTC,fun_btc
BITFINEX,FUNETH,fun_eth
BITFINEX,ZRXUSD,zrx_usd
BITFINEX,ZRXBTC,zrx_btc
BITFINEX,ZRXETH,zrx_eth
BITFINEX,TNBUSD,tnb_usd
BITFINEX,TNBBTC,tnb_btc
BITFINEX,TNBETH,tnb_eth
BITFINEX,SPKUSD,spk_usd
BITFINEX,SPKBTC,spk_btc
BITFINEX,SPKETH,spk_eth
BITFINEX,TRXUSD,trx_usd
BITFINEX,TRXBTC,trx_btc
BITFINEX,TRXETH,trx_eth
BITFINEX,RCNUSD,rcn_usd
BITFINEX,RCNBTC,rcn_btc
BITFINEX,RCNETH,rcn_eth
BITFINEX,RLCUSD,rlc_usd
BITFINEX,RLCBTC,rlc_btc
BITFINEX,RLCETH,rlc_eth
BITFINEX,AIDUSD,aid_usd
BITFINEX,AIDBTC,aid_btc
BITFINEX,AIDETH,aid_eth
BITFINEX,SNGUSD,sng_usd
BITFINEX,SNGBTC,sng_btc
BITFINEX,SNGETH,sng_eth
BITFINEX,REPUSD,rep_usd
BITFINEX,REPBTC,rep_btc
BITFINEX,REPETH,rep_eth
BITFINEX,ELFUSD,elf_usd
BITFINEX,ELFBTC,elf_btc
BITFINEX,ELFETH,elf_eth
BITFINEX,BTCJPY,btc_jpy
BITFINEX,BTCGBP,btc_gbp
BITFINEX,ETHEUR,eth_eur
BITFINEX,ETHJPY,eth_jpy
BITFINEX,ETHGBP,eth_gbp
BITFINEX,NEOEUR,neo_eur
BITFINEX,NEOJPY,neo_jpy
BITFINEX,NEOGBP,neo_gbp
BITFINEX,EOSEUR,eos_eur
BITFINEX,EOSJPY,eos_jpy
BITFINEX,EOSGBP,eos_gbp
BITFINEX,IOTJPY,iot_jpy
BITFINEX,IOTGBP,iot_gbp
BITFINEX,IOSUSD,ios_usd
BITFINEX,IOSBTC,ios_btc
BITFINEX,IOSETH,ios_eth
BITFINEX,AIOUSD,aio_usd
BITFINEX,AIOBTC,aio_btc
BITFINEX,AIOETH,aio_eth
BITFINEX,REQUSD,req_usd
BITFINEX,REQBTC,req_btc
BITFINEX,REQETH,req_eth
BITFINEX,RDNUSD,rdn_usd
BITFINEX,RDNBTC,rdn_btc
BITFINEX,RDNETH,rdn_eth
BITFINEX,LRCUSD,lrc_usd
BITFINEX,LRCBTC,lrc_btc
BITFINEX,LRCETH,lrc_eth
BITFINEX,WAXUSD,wax_usd
BITFINEX,WAXBTC,wax_btc
BITFINEX,WAXETH,wax_eth
BITFINEX,DAIUSD,dai_usd
BITFINEX,DAIBTC,dai_btc
BITFINEX,DAIETH,dai_eth
BITFINEX,CFIUSD,cfi_usd
BITFINEX,CFIBTC,cfi_btc
BITFINEX,CFIETH,cfi_eth
BITFINEX,AGIUSD,agi_usd
BITFINEX,AGIBTC,agi_btc
BITFINEX,AGIETH,agi_eth
BITFINEX,BFTUSD,bft_usd
BITFINEX,BFTBTC,bft_btc
BITFINEX,BFTETH,bft_eth
BITFINEX,MTNUSD,mtn_usd
BITFINEX,MTNBTC,mtn_btc
BITFINEX,MTNETH,mtn_eth
BITFINEX,ODEUSD,ode_usd
BITFINEX,ODEBTC,ode_btc
BITFINEX,ODEETH,ode_eth
BITFINEX,ANTUSD,ant_usd
BITFINEX,ANTBTC,ant_btc
BITFINEX,ANTETH,ant_eth
BITFINEX,DTHUSD,dth_usd
BITFINEX,DTHBTC,dth_btc
BITFINEX,DTHETH,dth_eth
BITFINEX,MITUSD,mit_usd
BITFINEX,MITBTC,mit_btc
BITFINEX,MITETH,mit_eth
BITFINEX,STJUSD,stj_usd
BITFINEX,STJBTC,stj_btc
BITFINEX,STJETH,stj_eth
BITFINEX,XLMUSD,xlm_usd
BITFINEX,XLMEUR,xlm_eur
BITFINEX,XLMJPY,xlm_jpy
BITFINEX,XLMGBP,xlm_gbp
BITFINEX,XLMBTC,xlm_btc
BITFINEX,XLMETH,xlm_eth
BITFINEX,XVGUSD,xvg_usd
BITFINEX,XVGEUR,xvg_eur
BITFINEX,XVGJPY,xvg_jpy
BITFINEX,XVGGBP,xvg_gbp
BITFINEX,XVGBTC,xvg_btc
BITFINEX,XVGETH,xvg_eth
BITFLYER,BTC_JPY,btc_jpy
BITFLYER,ETH_BTC,eth_btc
BITFLYER,BCH_BTC,bch_btc
BITHUMB,BTC,btc_krw
BITHUMB,ETH,eth_krw
BITHUMB,DASH,dash_krw
BITHUMB,LTC,ltc_krw
BITHUMB,ETC,etc_krw
BITHUMB,XRP,xrp_krw
BITHUMB,BCH,bch_krw
BITHUMB,XMR,xmr_krw
BITHUMB,ZEC,zec_krw
BITHUMB,QTUM,qtum_krw
BITHUMB,BTG,btg_krw
BITHUMB,EOS,eos_krw
BITSTAMP,btcusd,btc_usd
BITSTAMP,xrpusd,xrp_usd
BITSTAMP,ltcusd,ltc_usd
BITSTAMP,ethusd,eth_usd
BITSTAMP,btceur,btc_eur
BITSTAMP,etheur,eth_eur
BITSTAMP,ethbtc,eth_btc
BITSTAMP,ltceur,ltc_eur
BITSTAMP,ltcbtc,ltc_btc
BITSTAMP,xrpeur,xrp_eur
BITSTAMP,xrpbtc,xrp_btc
BITSTAMP,bchusd,bch_usd
BITSTAMP,bcheur,bch_eur
BITSTAMP,bchbtc,bch_btc
BITSTAR,swap-btc-usd,btc_usd
BITSTAR,swap-eth-usd,eth_usd
BITSTAR,swap-etc-usd,etc_usd
BITSTAR,swap-ltc-usd,ltc_usd
BITSTAR,swap-bch-usd,bch_usd
BITTREX,BTC-1ST,1st_btc
BITTREX,BTC-2GIVE,2give_btc
BITTREX,BTC-ABY,aby_btc
BITTREX,BTC-ADA,ada_btc
BITTREX,BTC-ADT,adt_btc
BITTREX,BTC-ADX,adx_btc
BITTREX,BTC-AEON,aeon_btc
BITTREX,BTC-AGRS,agrs_btc
BITTREX,BTC-AMP,amp_btc
BITTREX,BTC-ANT,ant_btc
BITTREX,BTC-APX,apx_btc
BITTREX,BTC-ARDR,ardr_btc
BITTREX,BTC-ARK,ark_btc
BITTREX,BTC-AUR,aur_btc
BITTREX,BTC-BAT,bat_btc
BITTREX,BTC-BAY,bay_btc
BITTREX,BTC-BCC,bcc_btc
BITTREX,BTC-BCY,bcy_btc
BITTREX,BTC-BITB,bitb_btc
BITTREX,BTC-BLITZ,blitz_btc
BITTREX,BTC-BLK,blk_btc
BITTREX,BTC-BLOCK,block_btc
BITTREX,BTC-BNT,bnt_btc
BITTREX,BTC-BRK,brk_btc
BITTREX,BTC-BRX,brx_btc
BITTREX,BTC-BSD,bsd_btc
BITTREX,BTC-BTCD,btcd_btc
BITTREX,BTC-BTG,btg_btc
BITTREX,BTC-BURST,burst_btc
BITTREX,BTC-BYC,byc_btc
BITTREX,BTC-CANN,cann_btc
BITTREX,BTC-CFI,cfi_btc
BITTREX,BTC-CLAM,clam_btc
BITTREX,BTC-CLOAK,cloak_btc
BITTREX,BTC-CLUB,club_btc
BITTREX,BTC-COVAL,coval_btc
BITTREX,BTC-CPC,cpc_btc
BITTREX,BTC-CRB,crb_btc
BITTREX,BTC-CRW,crw_btc
BITTREX,BTC-CURE,cure_btc
BITTREX,BTC-CVC,cvc_btc
BITTREX,BTC-DASH,dash_btc
BITTREX,BTC-DCR,dcr_btc
BITTREX,BTC-DCT,dct_btc
BITTREX,BTC-DGB,dgb_btc
BITTREX,BTC-DGD,dgd_btc
BITTREX,BTC-DMD,dmd_btc
BITTREX,BTC-DNT,dnt_btc
BITTREX,BTC-DOGE,doge_btc
BITTREX,BTC-DOPE,dope_btc
BITTREX,BTC-DTB,dtb_btc
BITTREX,BTC-DYN,dyn_btc
BITTREX,BTC-EBST,ebst_btc
BITTREX,BTC-EDG,edg_btc
BITTREX,BTC-EFL,efl_btc
BITTREX,BTC-EGC,egc_btc
BITTREX,BTC-EMC,emc_btc
BITTREX,BTC-EMC2,emc2_btc
BITTREX,BTC-ENG,eng_btc
BITTREX,BTC-ENRG,enrg_btc
BITTREX,BTC-ERC,erc_btc
BITTREX,BTC-ETC,etc_btc
BITTREX,BTC-ETH,eth_btc
BITTREX,BTC-EXCL,excl_btc
BITTREX,BTC-EXP,exp_btc
BITTREX,BTC-FAIR,fair_btc
BITTREX,BTC-FCT,fct_btc
BITTREX,BTC-FLDC,fldc_btc
BITTREX,BTC-FLO,flo_btc
BITTREX,BTC-FTC,ftc_btc
BITTREX,BTC-FUN,fun_btc
BITTREX,BTC-GAM,gam_btc
BITTREX,BTC-GAME,game_btc
BITTREX,BTC-GBG,gbg_btc
BITTREX,BTC-GBYTE,gbyte_btc
BITTREX,BTC-GCR,gcr_btc
BITTREX,BTC-GEO,geo_btc
BITTREX,BTC-GLD,gld_btc
BITTREX,BTC-GNO,gno_btc
BITTREX,BTC-GNT,gnt_btc
BITTREX,BTC-GOLOS,golos_btc
BITTREX,BTC-GRC,grc_btc
BITTREX,BTC-GRS,grs_btc
BITTREX,BTC-GUP,gup_btc
BITTREX,BTC-HMQ,hmq_btc
BITTREX,BTC-INCNT,incnt_btc
BITTREX,BTC-INFX,infx_btc
BITTREX,BTC-IOC,ioc_btc
BITTREX,BTC-ION,ion_btc
BITTREX,BTC-IOP,iop_btc
BITTREX,BTC-KMD,kmd_btc
BITTREX,BTC-KORE,kore_btc
BITTREX,BTC-LBC,lbc_btc
BITTREX,BTC-LGD,lgd_btc
BITTREX,BTC-LMC,lmc_btc
BITTREX,BTC-LSK,lsk_btc
BITTREX,BTC-LTC,ltc_btc
BITTREX,BTC-LUN,lun_btc
BITTREX,BTC-MAID,maid_btc
BITTREX,BTC-MANA,mana_btc
BITTREX,BTC-MCO,mco_btc
BITTREX,BTC-MEME,meme_btc
BITTREX,BTC-MER,mer_btc
BITTREX,BTC-MLN,mln_btc
BITTREX,BTC-MONA,mona_btc
BITTREX,BTC-MTL,mtl_btc
BITTREX,BTC-MUE,mue_btc
BITTREX,BTC-MUSIC,music_btc
BITTREX,BTC-MYST,myst_btc
BITTREX,BTC-NAV,nav_btc
BITTREX,BTC-NBT,nbt_btc
BITTREX,BTC-NEO,neo_btc
BITTREX,BTC-NEOS,neos_btc
BITTREX,BTC-NLG,nlg_btc
BITTREX,BTC-NMR,nmr_btc
BITTREX,BTC-NXC,nxc_btc
BITTREX,BTC-NXS,nxs_btc
BITTREX,BTC-NXT,nxt_btc
BITTREX,BTC-OK,ok_btc
BITTREX,BTC-OMG,omg_btc
BITTREX,BTC-OMNI,omni_btc
BITTREX,BTC-PART,part_btc
BITTREX,BTC-PAY,pay_btc
BITTREX,BTC-PDC,pdc_btc
BITTREX,BTC-PINK,pink_btc
BITTREX,BTC-PIVX,pivx_btc
BITTREX,BTC-PKB,pkb_btc
BITTREX,BTC-POT,pot_btc
BITTREX,BTC-POWR,powr_btc
BITTREX,BTC-PPC,ppc_btc
BITTREX,BTC-PTC,ptc_btc
BITTREX,BTC-PTOY,ptoy_btc
BITTREX,BTC-QRL,qrl_btc
BITTREX,BTC-QTUM,qtum_btc
BITTREX,BTC-QWARK,qwark_btc
BITTREX,BTC-RADS,rads_btc
BITTREX,BTC-RBY,rby_btc
BITTREX,BTC-RCN,rcn_btc
BITTREX,BTC-RDD,rdd_btc
BITTREX,BTC-REP,rep_btc
BITTREX,BTC-RISE,rise_btc
BITTREX,BTC-RLC,rlc_btc
BITTREX,BTC-SALT,salt_btc
BITTREX,BTC-SBD,sbd_btc
BITTREX,BTC-SC,sc_btc
BITTREX,BTC-SEQ,seq_btc
BITTREX,BTC-SHIFT,shift_btc
BITTREX,BTC-SIB,sib_btc
BITTREX,BTC-SLR,slr_btc
BITTREX,BTC-SLS,sls_btc
BITTREX,BTC-SNRG,snrg_btc
BITTREX,BTC-SNT,snt_btc
BITTREX,BTC-SPHR,sphr_btc
BITTREX,BTC-SPR,spr_btc
BITTREX,BTC-START,start_btc
BITTREX,BTC-STEEM,steem_btc
BITTREX,BTC-STORJ,storj_btc
BITTREX,BTC-STRAT,strat_btc
BITTREX,BTC-SWIFT,swift_btc
BITTREX,BTC-SWT,swt_btc
BITTREX,BTC-SYNX,synx_btc
BITTREX,BTC-SYS,sys_btc
BITTREX,BTC-THC,thc_btc
BITTREX,BTC-TIX,tix_btc
BITTREX,BTC-TKS,tks_btc
BITTREX,BTC-TRIG,trig_btc
BITTREX,BTC-TRST,trst_btc
BITTREX,BTC-TRUST,trust_btc
BITTREX,BTC-TX,tx_btc
BITTREX,BTC-UBQ,ubq_btc
BITTREX,BTC-UNB,unb_btc
BITTREX,BTC-VIA,via_btc
BITTREX,BTC-VIB,vib_btc
BITTREX,BTC-VOX,vox_btc
BITTREX,BTC-VRC,vrc_btc
BITTREX,BTC-VRM,vrm_btc
BITTREX,BTC-VTC,vtc_btc
BITTREX,BTC-VTR,vtr_btc
BITTREX,BTC-WAVES,waves_btc
BITTREX,BTC-WINGS,wings_btc
BITTREX,BTC-XCP,xcp_btc
BITTREX,BTC-XDN,xdn_btc
BITTREX,BTC-XEL,xel_btc
BITTREX,BTC-XEM,xem_btc
BITTREX,BTC-XLM,xlm_btc
BITTREX,BTC-XMG,xmg_btc
BITTREX,BTC-XMR,xmr_btc
BITTREX,BTC-XMY,xmy_btc
BITTREX,BTC-XRP,xrp_btc
BITTREX,BTC-XST,xst_btc
BITTREX,BTC-XVC,xvc_btc
BITTREX,BTC-XVG,xvg_btc
BITTREX,BTC-XWC,xwc_btc
BITTREX,BTC-XZC,xzc_btc
BITTREX,BTC-ZCL,zcl_btc
BITTREX,BTC-ZEC,zec_btc
BITTREX,BTC-ZEN,zen_btc
BITTREX,ETH-1ST,1st_eth
BITTREX,ETH-ADA,ada_eth
BITTREX,ETH-ADT,adt_eth
BITTREX,ETH-ADX,adx_eth
BITTREX,ETH-ANT,ant_eth
BITTREX,ETH-BAT,bat_eth
BITTREX,ETH-BCC,bcc_eth
BITTREX,ETH-BNT,bnt_eth
BITTREX,ETH-BTG,btg_eth
BITTREX,ETH-CFI,cfi_eth
BITTREX,ETH-CRB,crb_eth
BITTREX,ETH-CVC,cvc_eth
BITTREX,ETH-DASH,dash_eth
BITTREX,ETH-DGB,dgb_eth
BITTREX,ETH-DGD,dgd_eth
BITTREX,ETH-DNT,dnt_eth
BITTREX,ETH-ENG,eng_eth
BITTREX,ETH-ETC,etc_eth
BITTREX,ETH-FCT,fct_eth
BITTREX,ETH-FUN,fun_eth
BITTREX,ETH-GNO,gno_eth
BITTREX,ETH-GNT,gnt_eth
BITTREX,ETH-GUP,gup_eth
BITTREX,ETH-HMQ,hmq_eth
BITTREX,ETH-LGD,lgd_eth
BITTREX,ETH-LTC,ltc_eth
BITTREX,ETH-LUN,lun_eth
BITTREX,ETH-MANA,mana_eth
BITTREX,ETH-MCO,mco_eth
BITTREX,ETH-MTL,mtl_eth
BITTREX,ETH-MYST,myst_eth
BITTREX,ETH-NEO,neo_eth
BITTREX,ETH-NMR,nmr_eth
BITTREX,ETH-OMG,omg_eth
BITTREX,ETH-PAY,pay_eth
BITTREX,ETH-POWR,powr_eth
BITTREX,ETH-PTOY,ptoy_eth
BITTREX,ETH-QRL,qrl_eth
BITTREX,ETH-QTUM,qtum_eth
BITTREX,ETH-RCN,rcn_eth
BITTREX,ETH-REP,rep_eth
BITTREX,ETH-RLC,rlc_eth
BITTREX,ETH-SALT,salt_eth
BITTREX,ETH-SC,sc_eth
BITTREX,ETH-SNT,snt_eth
BITTREX,ETH-STORJ,storj_eth
BITTREX,ETH-STRAT,strat_eth
BITTREX,ETH-TIX,tix_eth
BITTREX,ETH-TRST,trst_eth
BITTREX,ETH-VIB,vib_eth
BITTREX,ETH-WAVES,waves_eth
BITTREX,ETH-WINGS,wings_eth
BITTREX,ETH-XEM,xem_eth
BITTREX,ETH-XLM,xlm_eth
BITTREX,ETH-XMR,xmr_eth
BITTREX,ETH-XRP,xrp_eth
BITTREX,ETH-ZEC,zec_eth
BITTREX,USDT-BCC,bcc_usdt
BITTREX,USDT-BTC,btc_usdt
BITTREX,USDT-BTG,btg_usdt
BITTREX,USDT-DASH,dash_usdt
BITTREX,USDT-ETC,etc_usdt
BITTREX,USDT-ETH,eth_usdt
BITTREX,USDT-LTC,ltc_usdt
BITTREX,USDT-NEO,neo_usdt
BITTREX,USDT-OMG,omg_usdt
BITTREX,USDT-XMR,xmr_usdt
BITTREX,USDT-XRP,xrp_usdt
BITTREX,USDT-ZEC,zec_usdt
BITTREX,BTC-UKG,ukg_btc
BITTREX,ETH-UKG,ukg_eth
BITTREX,USDT-ADA,ada_usdt
BITTREX,USDT-NXT,nxt_usdt
BITTREX,USDT-XVG,xvg_usdt
BITTREX,BTC-IGNIS,ignis_btc
BITTREX,BTC-BCPT,bcpt_btc
BITTREX,BTC-SRN,srn_btc
BITTREX,BTC-VEE,vee_btc
BITTREX,BTC-WAX,wax_btc
BITTREX,BTC-ZRX,zrx_btc
BITTREX,ETH-BCPT,bcpt_eth
BITTREX,ETH-SRN,srn_eth
BITTREX,ETH-VEE,vee_eth
BITTREX,ETH-WAX,wax_eth
BITTREX,ETH-ZRX,zrx_eth
BITTREX,BTC-TRX,trx_btc
BITTREX,ETH-TRX,trx_eth
BITTREX,BTC-TUSD,tusd_btc
BITTREX,BTC-LRC,lrc_btc
BITTREX,ETH-LRC,lrc_eth
BITTREX,BTC-RVR,rvr_btc
BITTREX,ETH-TUSD,tusd_eth
BITTREX,BTC-UP,up_btc
BITTREX,ETH-UP,up_eth
BITTREX,BTC-DMT,dmt_btc
BITTREX,ETH-DMT,dmt_eth
BITTREX,USDT-TUSD,tusd_usdt
BITTREX,BTC-POLY,poly_btc
BITTREX,ETH-POLY,poly_eth
BITTREX,BTC-PRO,pro_btc
BITTREX,ETH-PRO,pro_eth
BITTREX,USDT-SC,sc_usdt
BITTREX,USDT-TRX,trx_usdt
GATEIO,btc_usdt,btc_usdt
GATEIO,bch_usdt,bch_usdt
GATEIO,eth_usdt,eth_usdt
GATEIO,etc_usdt,etc_usdt
GATEIO,qtum_usdt,qtum_usdt
GATEIO,ltc_usdt,ltc_usdt
GATEIO,dash_usdt,dash_usdt
GATEIO,zec_usdt,zec_usdt
GATEIO,btm_usdt,btm_usdt
GATEIO,eos_usdt,eos_usdt
GATEIO,req_usdt,req_usdt
GATEIO,snt_usdt,snt_usdt
GATEIO,omg_usdt,omg_usdt
GATEIO,pay_usdt,pay_usdt
GATEIO,cvc_usdt,cvc_usdt
GATEIO,zrx_usdt,zrx_usdt
GATEIO,tnt_usdt,tnt_usdt
GATEIO,xmr_usdt,xmr_usdt
GATEIO,xrp_usdt,xrp_usdt
GATEIO,doge_usdt,doge_usdt
GATEIO,bat_usdt,bat_usdt
GATEIO,pst_usdt,pst_usdt
GATEIO,btg_usdt,btg_usdt
GATEIO,dpy_usdt,dpy_usdt
GATEIO,lrc_usdt,lrc_usdt
GATEIO,storj_usdt,storj_usdt
GATEIO,rdn_usdt,rdn_usdt
GATEIO,stx_usdt,stx_usdt
GATEIO,knc_usdt,knc_usdt
GATEIO,link_usdt,link_usdt
GATEIO,cdt_usdt,cdt_usdt
GATEIO,ae_usdt,ae_usdt
GATEIO,ae_eth,ae_eth
GATEIO,cdt_eth,cdt_eth
GATEIO,rdn_eth,rdn_eth
GATEIO,stx_eth,stx_eth
GATEIO,knc_eth,knc_eth
GATEIO,link_eth,link_eth
GATEIO,req_eth,req_eth
GATEIO,rcn_eth,rcn_eth
GATEIO,trx_eth,trx_eth
GATEIO,arn_eth,arn_eth
GATEIO,kick_eth,kick_eth
GATEIO,bnt_eth,bnt_eth
GATEIO,ven_eth,ven_eth
GATEIO,mco_eth,mco_eth
GATEIO,fun_eth,fun_eth
GATEIO,data_eth,data_eth
GATEIO,rlc_eth,rlc_eth
GATEIO,zsc_eth,zsc_eth
GATEIO,wings_eth,wings_eth
GATEIO,ctr_eth,ctr_eth
GATEIO,mda_eth,mda_eth
GATEIO,rcn_usdt,rcn_usdt
GATEIO,trx_usdt,trx_usdt
GATEIO,kick_usdt,kick_usdt
GATEIO,ven_usdt,ven_usdt
GATEIO,mco_usdt,mco_usdt
GATEIO,fun_usdt,fun_usdt
GATEIO,data_usdt,data_usdt
GATEIO,zsc_usdt,zsc_usdt
GATEIO,ctr_usdt,ctr_usdt
GATEIO,mda_usdt,mda_usdt
GATEIO,xtz_usdt,xtz_usdt
GATEIO,gnt_usdt,gnt_usdt
GATEIO,gnt_eth,gnt_eth
GATEIO,gem_usdt,gem_usdt
GATEIO,gem_eth,gem_eth
GATEIO,dadi_usdt,dadi_usdt
GATEIO,dadi_eth,dadi_eth
GATEIO,ost_usdt,ost_usdt
GATEIO,ost_eth,ost_eth
GATEIO,xlm_usdt,xlm_usdt
GATEIO,xlm_eth,xlm_eth
GATEIO,xlm_btc,xlm_btc
GATEIO,mobi_usdt,mobi_usdt
GATEIO,mobi_eth,mobi_eth
GATEIO,mobi_btc,mobi_btc
GATEIO,ocn_usdt,ocn_usdt
GATEIO,ocn_eth,ocn_eth
GATEIO,ocn_btc,ocn_btc
GATEIO,zpt_usdt,zpt_usdt
GATEIO,zpt_eth,zpt_eth
GATEIO,zpt_btc,zpt_btc
GATEIO,cofi_usdt,cofi_usdt
GATEIO,cofi_eth,cofi_eth
GATEIO,jnt_usdt,jnt_usdt
GATEIO,jnt_eth,jnt_eth
GATEIO,jnt_btc,jnt_btc
GATEIO,blz_usdt,blz_usdt
GATEIO,blz_eth,blz_eth
GATEIO,gxs_usdt,gxs_usdt
GATEIO,gxs_btc,gxs_btc
GATEIO,mtn_usdt,mtn_usdt
GATEIO,mtn_eth,mtn_eth
GATEIO,ruff_usdt,ruff_usdt
GATEIO,ruff_eth,ruff_eth
GATEIO,ruff_btc,ruff_btc
GATEIO,tnc_usdt,tnc_usdt
GATEIO,tnc_eth,tnc_eth
GATEIO,tnc_btc,tnc_btc
GATEIO,zil_usdt,zil_usdt
GATEIO,zil_eth,zil_eth
GATEIO,tio_usdt,tio_usdt
GATEIO,tio_eth,tio_eth
GATEIO,bto_usdt,bto_usdt
GATEIO,bto_eth,bto_eth
GATEIO,theta_usdt,theta_usdt
GATEIO,theta_eth,theta_eth
GATEIO,ddd_usdt,ddd_usdt
GATEIO,ddd_eth,ddd_eth
GATEIO,ddd_btc,ddd_btc
GATEIO,mkr_usdt,mkr_usdt
GATEIO,mkr_eth,mkr_eth
GATEIO,dai_usdt,dai_usdt
GATEIO,smt_usdt,smt_usdt
GATEIO,smt_eth,smt_eth
GATEIO,mdt_usdt,mdt_usdt
GATEIO,mdt_eth,mdt_eth
GATEIO,mdt_btc,mdt_btc
GATEIO,mana_usdt,mana_usdt
GATEIO,mana_eth,mana_eth
GATEIO,lun_usdt,lun_usdt
GATEIO,lun_eth,lun_eth
GATEIO,salt_usdt,salt_usdt
GATEIO,salt_eth,salt_eth
GATEIO,fuel_usdt,fuel_usdt
GATEIO,fuel_eth,fuel_eth
GATEIO,elf_usdt,elf_usdt
GATEIO,elf_eth,elf_eth
GATEIO,drgn_usdt,drgn_usdt
GATEIO,drgn_eth,drgn_eth
GATEIO,gtc_usdt,gtc_usdt
GATEIO,gtc_eth,gtc_eth
GATEIO,gtc_btc,gtc_btc
GATEIO,qlc_usdt,qlc_usdt
GATEIO,qlc_btc,qlc_btc
GATEIO,qlc_eth,qlc_eth
GATEIO,dbc_usdt,dbc_usdt
GATEIO,dbc_btc,dbc_btc
GATEIO,dbc_eth,dbc_eth
GATEIO,bnty_usdt,bnty_usdt
GATEIO,bnty_eth,bnty_eth
GATEIO,lend_usdt,lend_usdt
GATEIO,lend_eth,lend_eth
GATEIO,icx_usdt,icx_usdt
GATEIO,icx_eth,icx_eth
GATEIO,btf_usdt,btf_usdt
GATEIO,btf_btc,btf_btc
GATEIO,ada_usdt,ada_usdt
GATEIO,ada_btc,ada_btc
GATEIO,lsk_usdt,lsk_usdt
GATEIO,lsk_btc,lsk_btc
GATEIO,waves_usdt,waves_usdt
GATEIO,waves_btc,waves_btc
GATEIO,bifi_usdt,bifi_usdt
GATEIO,bifi_btc,bifi_btc
GATEIO,mds_eth,mds_eth
GATEIO,mds_usdt,mds_usdt
GATEIO,dgd_usdt,dgd_usdt
GATEIO,dgd_eth,dgd_eth
GATEIO,qash_usdt,qash_usdt
GATEIO,qash_eth,qash_eth
GATEIO,qash_btc,qash_btc
GATEIO,powr_usdt,powr_usdt
GATEIO,powr_eth,powr_eth
GATEIO,powr_btc,powr_btc
GATEIO,fil_usdt,fil_usdt
GATEIO,bcd_usdt,bcd_usdt
GATEIO,bcd_btc,bcd_btc
GATEIO,sbtc_usdt,sbtc_usdt
GATEIO,sbtc_btc,sbtc_btc
GATEIO,god_usdt,god_usdt
GATEIO,god_btc,god_btc
GATEIO,bcx_usdt,bcx_usdt
GATEIO,bcx_btc,bcx_btc
GATEIO,hsr_usdt,hsr_usdt
GATEIO,hsr_btc,hsr_btc
GATEIO,hsr_eth,hsr_eth
GATEIO,qsp_usdt,qsp_usdt
GATEIO,qsp_eth,qsp_eth
GATEIO,ink_btc,ink_btc
GATEIO,ink_usdt,ink_usdt
GATEIO,ink_eth,ink_eth
GATEIO,ink_qtum,ink_qtum
GATEIO,med_qtum,med_qtum
GATEIO,med_eth,med_eth
GATEIO,med_usdt,med_usdt
GATEIO,bot_qtum,bot_qtum
GATEIO,bot_usdt,bot_usdt
GATEIO,bot_eth,bot_eth
GATEIO,qbt_qtum,qbt_qtum
GATEIO,qbt_eth,qbt_eth
GATEIO,qbt_usdt,qbt_usdt
GATEIO,tsl_qtum,tsl_qtum
GATEIO,tsl_usdt,tsl_usdt
GATEIO,gnx_usdt,gnx_usdt
GATEIO,gnx_eth,gnx_eth
GATEIO,neo_usdt,neo_usdt
GATEIO,gas_usdt,gas_usdt
GATEIO,neo_btc,neo_btc
GATEIO,gas_btc,gas_btc
GATEIO,iota_usdt,iota_usdt
GATEIO,iota_btc,iota_btc
GATEIO,nas_usdt,nas_usdt
GATEIO,nas_eth,nas_eth
GATEIO,nas_btc,nas_btc
GATEIO,eth_btc,eth_btc
GATEIO,etc_btc,etc_btc
GATEIO,etc_eth,etc_eth
GATEIO,zec_btc,zec_btc
GATEIO,dash_btc,dash_btc
GATEIO,ltc_btc,ltc_btc
GATEIO,bch_btc,bch_btc
GATEIO,btg_btc,btg_btc
GATEIO,qtum_btc,qtum_btc
GATEIO,qtum_eth,qtum_eth
GATEIO,xrp_btc,xrp_btc
GATEIO,doge_btc,doge_btc
GATEIO,xmr_btc,xmr_btc
GATEIO,zrx_btc,zrx_btc
GATEIO,zrx_eth,zrx_eth
GATEIO,dnt_eth,dnt_eth
GATEIO,dpy_eth,dpy_eth
GATEIO,oax_eth,oax_eth
GATEIO,rep_eth,rep_eth
GATEIO,lrc_eth,lrc_eth
GATEIO,lrc_btc,lrc_btc
GATEIO,pst_eth,pst_eth
GATEIO,bcdn_eth,bcdn_eth
GATEIO,bcdn_usdt,bcdn_usdt
GATEIO,tnt_eth,tnt_eth
GATEIO,snt_eth,snt_eth
GATEIO,snt_btc,snt_btc
GATEIO,btm_eth,btm_eth
GATEIO,btm_btc,btm_btc
GATEIO,llt_eth,llt_eth
GATEIO,llt_usdt,llt_usdt
GATEIO,snet_eth,snet_eth
GATEIO,snet_usdt,snet_usdt
GATEIO,llt_snet,llt_snet
GATEIO,omg_eth,omg_eth
GATEIO,omg_btc,omg_btc
GATEIO,pay_eth,pay_eth
GATEIO,pay_btc,pay_btc
GATEIO,bat_eth,bat_eth
GATEIO,bat_btc,bat_btc
GATEIO,cvc_eth,cvc_eth
GATEIO,storj_eth,storj_eth
GATEIO,storj_btc,storj_btc
GATEIO,eos_eth,eos_eth
GATEIO,eos_btc,eos_btc
GATEIO,bts_usdt,bts_usdt
GATEIO,bts_btc,bts_btc
gdax,BTC-USD,btc_usd
gdax,BCH-EUR,bch_eur
gdax,BCH-BTC,bch_btc
gdax,BCH-USD,bch_usd
gdax,LTC-EUR,ltc_eur
gdax,ETH-EUR,eth_eur
gdax,LTC-USD,ltc_usd
gdax,LTC-BTC,ltc_btc
gdax,ETH-BTC,eth_btc
gdax,ETH-USD,eth_usd
gdax,BTC-EUR,btc_eur
gdax,BTC-GBP,btc_gbp
HUOBI,actbtc,act_btc
HUOBI,acteth,act_eth
HUOBI,aidocbtc,aidoc_btc
HUOBI,aidoceth,aidoc_eth
HUOBI,astbtc,ast_btc
HUOBI,batbtc,bat_btc
HUOBI,bateth,bat_eth
HUOBI,bcdbtc,bcd_btc
HUOBI,bchbtc,bch_btc
HUOBI,bchusdt,bch_usdt
HUOBI,bcxbtc,bcx_btc
HUOBI,bifibtc,bifi_btc
HUOBI,btcusdt,btc_usdt
HUOBI,btgbtc,btg_btc
HUOBI,btmbtc,btm_btc
HUOBI,btmeth,btm_eth
HUOBI,cmtbtc,cmt_btc
HUOBI,cmteth,cmt_eth
HUOBI,cvcbtc,cvc_btc
HUOBI,cvceth,cvc_eth
HUOBI,cvcusdt,cvc_usdt
HUOBI,dashbtc,dash_btc
HUOBI,dashusdt,dash_usdt
HUOBI,dbcbtc,dbc_btc
HUOBI,dbceth,dbc_eth
HUOBI,dgdbtc,dgd_btc
HUOBI,dgdeth,dgd_eth
HUOBI,elfbtc,elf_btc
HUOBI,elfeth,elf_eth
HUOBI,eosbtc,eos_btc
HUOBI,eoseth,eos_eth
HUOBI,eosusdt,eos_usdt
HUOBI,etcbtc,etc_btc
HUOBI,etcusdt,etc_usdt
HUOBI,ethbtc,eth_btc
HUOBI,ethusdt,eth_usdt
HUOBI,gasbtc,gas_btc
HUOBI,gaseth,gas_eth
HUOBI,gntbtc,gnt_btc
HUOBI,gnteth,gnt_eth
HUOBI,gntusdt,gnt_usdt
HUOBI,gnxbtc,gnx_btc
HUOBI,gnxeth,gnx_eth
HUOBI,hsrbtc,hsr_btc
HUOBI,hsreth,hsr_eth
HUOBI,hsrusdt,hsr_usdt
HUOBI,icxbtc,icx_btc
HUOBI,icxeth,icx_eth
HUOBI,itcbtc,itc_btc
HUOBI,itceth,itc_eth
HUOBI,kncbtc,knc_btc
HUOBI,ltcbtc,ltc_btc
HUOBI,ltcusdt,ltc_usdt
HUOBI,manabtc,mana_btc
HUOBI,manaeth,mana_eth
HUOBI,mcobtc,mco_btc
HUOBI,mcoeth,mco_eth
HUOBI,mdsbtc,mds_btc
HUOBI,mdseth,mds_eth
HUOBI,mtlbtc,mtl_btc
HUOBI,nasbtc,nas_btc
HUOBI,naseth,nas_eth
HUOBI,neobtc,neo_btc
HUOBI,neousdt,neo_usdt
HUOBI,omgbtc,omg_btc
HUOBI,omgeth,omg_eth
HUOBI,omgusdt,omg_usdt
HUOBI,ostbtc,ost_btc
HUOBI,osteth,ost_eth
HUOBI,paybtc,pay_btc
HUOBI,payeth,pay_eth
HUOBI,powrbtc,powr_btc
HUOBI,powreth,powr_eth
HUOBI,propybtc,propy_btc
HUOBI,propyeth,propy_eth
HUOBI,qashbtc,qash_btc
HUOBI,qasheth,qash_eth
HUOBI,qspbtc,qsp_btc
HUOBI,qspeth,qsp_eth
HUOBI,qtumbtc,qtum_btc
HUOBI,qtumeth,qtum_eth
HUOBI,qtumusdt,qtum_usdt
HUOBI,qunbtc,qun_btc
HUOBI,quneth,qun_eth
HUOBI,rcnbtc,rcn_btc
HUOBI,rcneth,rcn_eth
HUOBI,rdnbtc,rdn_btc
HUOBI,rdneth,rdn_eth
HUOBI,reqbtc,req_btc
HUOBI,reqeth,req_eth
HUOBI,rpxbtc,rpx_btc
HUOBI,saltbtc,salt_btc
HUOBI,salteth,salt_eth
HUOBI,sbtcbtc,sbtc_btc
HUOBI,smtbtc,smt_btc
HUOBI,smteth,smt_eth
HUOBI,sntbtc,snt_btc
HUOBI,sntusdt,snt_usdt
HUOBI,storjbtc,storj_btc
HUOBI,storjusdt,storj_usdt
HUOBI,swftcbtc,swftc_btc
HUOBI,swftceth,swftc_eth
HUOBI,tnbbtc,tnb_btc
HUOBI,tnbeth,tnb_eth
HUOBI,tntbtc,tnt_btc
HUOBI,tnteth,tnt_eth
HUOBI,topcbtc,topc_btc
HUOBI,topceth,topc_eth
HUOBI,venbtc,ven_btc
HUOBI,veneth,ven_eth
HUOBI,waxbtc,wax_btc
HUOBI,waxeth,wax_eth
HUOBI,wiccbtc,wicc_btc
HUOBI,wicceth,wicc_eth
HUOBI,xrpbtc,xrp_btc
HUOBI,xrpusdt,xrp_usdt
HUOBI,zecbtc,zec_btc
HUOBI,zecusdt,zec_usdt
HUOBI,zrxbtc,zrx_btc
HUOBI,linkbtc,link_btc
HUOBI,evxbtc,evx_btc
HUOBI,iosteth,iost_eth
HUOBI,thetabtc,theta_btc
HUOBI,datbtc,dat_btc
HUOBI,chateth,chat_eth
HUOBI,smtusdt,smt_usdt
HUOBI,letbtc,let_btc
HUOBI,utkbtc,utk_btc
HUOBI,bt2btc,bt2_btc
HUOBI,dtaeth,dta_eth
HUOBI,meeeth,mee_eth
HUOBI,adxeth,adx_eth
HUOBI,ekoeth,eko_eth
HUOBI,ekobtc,eko_btc
HUOBI,appcbtc,appc_btc
HUOBI,dateth,dat_eth
HUOBI,iostusdt,iost_usdt
HUOBI,dtabtc,dta_btc
HUOBI,meebtc,mee_btc
HUOBI,linketh,link_eth
HUOBI,iostbtc,iost_btc
HUOBI,yeebtc,yee_btc
HUOBI,leteth,let_eth
HUOBI,evxeth,evx_eth
HUOBI,thetaeth,theta_eth
HUOBI,venusdt,ven_usdt
HUOBI,adxbtc,adx_btc
HUOBI,xembtc,xem_btc
HUOBI,chatbtc,chat_btc
HUOBI,bt1btc,bt1_btc
HUOBI,utketh,utk_eth
HUOBI,appceth,appc_eth
HUOBI,yeeeth,yee_eth
HUOBI,xemusdt,xem_usdt
HUOBI,ruffeth,ruff_eth
HUOBI,soceth,soc_eth
HUOBI,socbtc,soc_btc
HUOBI,zilbtc,zil_btc
HUOBI,ruffbtc,ruff_btc
HUOBI,zileth,zil_eth
HUOBI,elfusdt,elf_usdt
HUOBI,luneth,lun_eth
HUOBI,lunbtc,lun_btc
HUOBI,ocneth,ocn_eth
HUOBI,ocnbtc,ocn_btc
HUOBI,trxeth,trx_eth
HUOBI,trxbtc,trx_btc
HUOBI,thetausdt,theta_usdt
HUOBI,elaeth,ela_eth
HUOBI,htbtc,ht_btc
HUOBI,letusdt,let_usdt
HUOBI,srnbtc,srn_btc
HUOBI,stketh,stk_eth
HUOBI,hteth,ht_eth
HUOBI,htusdt,ht_usdt
HUOBI,elabtc,ela_btc
HUOBI,srneth,srn_eth
HUOBI,stkbtc,stk_btc
HUOBI,zlaeth,zla_eth
HUOBI,zlabtc,zla_btc
HUOBI,dtausdt,dta_usdt
HUOBI,sncbtc,snc_btc
HUOBI,lskbtc,lsk_btc
HUOBI,mtneth,mtn_eth
HUOBI,snceth,snc_eth
HUOBI,lsketh,lsk_eth
HUOBI,mtnbtc,mtn_btc
HUOBI,mtxbtc,mtx_btc
HUOBI,mtxeth,mtx_eth
HUOBI,zilusdt,zil_usdt
HUOBI,wprbtc,wpr_btc
HUOBI,wpreth,wpr_eth
HUOBI,ruffusdt,ruff_usdt
HUOBI,nasusdt,nas_usdt
HUOBI,itcusdt,itc_usdt
HUOBI,engeth,eng_eth
HUOBI,engbtc,eng_btc
HUOBI,blzeth,blz_eth
HUOBI,edubtc,edu_btc
HUOBI,edueth,edu_eth
HUOBI,blzbtc,blz_btc
HUOBI,abteth,abt_eth
HUOBI,abtbtc,abt_btc
HUOBI,elausdt,ela_usdt
HUOBI,ontbtc,ont_btc
HUOBI,mdsusdt,mds_usdt
HUOBI,onteth,ont_eth
HUOBI,trxusdt,trx_usdt
HUOBI,ctxceth,ctxc_eth
HUOBI,ctxcbtc,ctxc_btc
HUOBI,btsbtc,bts_btc
HUOBI,btseth,bts_eth
HUOBI,meetbtc,meet_btc
HUOBI,knceth,knc_eth
HUOBI,meeteth,meet_eth
HUOBI,ontusdt,ont_usdt
HUOBI,asteth,ast_eth
HUOBI,zrxeth,zrx_eth
HUOBI,btsusdt,bts_usdt
HUOBI,adabtc,ada_btc
HUOBI,adausdt,ada_usdt
HUOBI,adaeth,ada_eth
HUOBI,btmusdt,btm_usdt
HUOBI,actusdt,act_usdt
HUOBI,ctxcusdt,ctxc_usdt
HUOBI,steemusdt,steem_usdt
HUOBI,steembtc,steem_btc
HUOBI,steemeth,steem_eth
KRAKEN,XBTEUR,xbt_eur
KRAKEN,XBTUSD,xbt_usd
KRAKEN,ETHXBT,eth_xbt
KRAKEN,BCHXBT,bch_xbt
KRAKEN,DASHXBT,dash_xbt
KRAKEN,EOSXBT,eos_xbt
KRAKEN,ETCXBT,etc_xbt
KRAKEN,ETHXBT,eth_xbt
KRAKEN,GNOXBT,gno_xbt
KRAKEN,ICNXBT,icn_xbt
KRAKEN,LTCXBT,ltc_xbt
KRAKEN,MLNXBT,mln_xbt
KRAKEN,REPXBT,rep_xbt
KRAKEN,XBTCAD,xbt_cad
KRAKEN,XBTEUR,xbt_eur
KRAKEN,XBTGBP,xbt_gbp
KRAKEN,XBTJPY,xbt_jpy
KRAKEN,XBTUSD,xbt_usd
KRAKEN,XDGXBT,xdg_xbt
KRAKEN,XLMXBT,xlm_xbt
KRAKEN,XMRXBT,xmr_xbt
KRAKEN,XRPXBT,xrp_xbt
KRAKEN,ZECXBT,zec_xbt
KRAKEN,BCHEUR,bch_eur
KRAKEN,BCHUSD,bch_usd
KRAKEN,BCHXBT,bch_xbt
KRAKEN,DASHEUR,dash_eur
KRAKEN,DASHUSD,dash_usd
KRAKEN,DASHXBT,dash_xbt
KRAKEN,EOSETH,eos_eth
KRAKEN,EOSEUR,eos_eur
KRAKEN,EOSUSD,eos_usd
KRAKEN,EOSXBT,eos_xbt
KRAKEN,ETCETH,etc_eth
KRAKEN,ETCEUR,etc_eur
KRAKEN,ETCUSD,etc_usd
KRAKEN,ETCXBT,etc_xbt
KRAKEN,EOSETH,eos_eth
KRAKEN,ETCETH,etc_eth
KRAKEN,ETHCAD,eth_cad
KRAKEN,ETHEUR,eth_eur
KRAKEN,ETHGBP,eth_gbp
KRAKEN,ETHJPY,eth_jpy
KRAKEN,ETHUSD,eth_usd
KRAKEN,ETHXBT,eth_xbt
KRAKEN,GNOETH,gno_eth
KRAKEN,ICNETH,icn_eth
KRAKEN,MLNETH,mln_eth
KRAKEN,REPETH,rep_eth
KRAKEN,GNOETH,gno_eth
KRAKEN,GNOEUR,gno_eur
KRAKEN,GNOUSD,gno_usd
KRAKEN,GNOXBT,gno_xbt
KRAKEN,ICNETH,icn_eth
KRAKEN,ICNXBT,icn_xbt
KRAKEN,LTCEUR,ltc_eur
KRAKEN,LTCUSD,ltc_usd
KRAKEN,LTCXBT,ltc_xbt
KRAKEN,MLNETH,mln_eth
KRAKEN,MLNXBT,mln_xbt
KRAKEN,REPETH,rep_eth
KRAKEN,REPEUR,rep_eur
KRAKEN,REPUSD,rep_usd
KRAKEN,REPXBT,rep_xbt
KRAKEN,USDTUSD,usdt_usd
KRAKEN,XDGXBT,xdg_xbt
KRAKEN,XLMEUR,xlm_eur
KRAKEN,XLMUSD,xlm_usd
KRAKEN,XLMXBT,xlm_xbt
KRAKEN,XMREUR,xmr_eur
KRAKEN,XMRUSD,xmr_usd
KRAKEN,XMRXBT,xmr_xbt
KRAKEN,XRPCAD,xrp_cad
KRAKEN,XRPEUR,xrp_eur
KRAKEN,XRPJPY,xrp_jpy
KRAKEN,XRPUSD,xrp_usd
KRAKEN,XRPXBT,xrp_xbt
KRAKEN,ZECEUR,zec_eur
KRAKEN,ZECJPY,zec_jpy
KRAKEN,ZECUSD,zec_usd
KRAKEN,ZECXBT,zec_xbt
OKCOIN,btc_usd,btc_usd
OKCOIN,ltc_usd,ltc_usd
OKCOIN,eth_usd,eth_usd
OKCOIN,etc_usd,etc_usd
OKCOIN,bch_usd,bch_usd
OKEX,btc_usd,btc
OKEX,ltc_usd,ltc
OKEX,eth_usd,eth
OKEX,etc_usd,etc
OKEX,bch_usd,bch
OKEX,xrp_usd,xrp
OKEX,eos_usd,eos
OKEX,btg_usd,btg
OKEX,ltc_btc,ltc_btc
OKEX,eth_btc,eth_btc
OKEX,etc_btc,etc_btc
OKEX,bch_btc,bch_btc
OKEX,btc_usdt,btc_usdt
OKEX,eth_usdt,eth_usdt
OKEX,ltc_usdt,ltc_usdt
OKEX,etc_usdt,etc_usdt
OKEX,bch_usdt,bch_usdt
OKEX,etc_eth,etc_eth
OKEX,btg_btc,btg_btc
OKEX,qtum_btc,qtum_btc
OKEX,hsr_btc,hsr_btc
OKEX,neo_btc,neo_btc
OKEX,gas_btc,gas_btc
OKEX,qtum_usdt,qtum_usdt
OKEX,hsr_usdt,hsr_usdt
OKEX,neo_usdt,neo_usdt
OKEX,gas_usdt,gas_usdt
OKEX,xrp_btc,xrp_btc
OKEX,xem_btc,xem_btc
OKEX,xlm_btc,xlm_btc
OKEX,iota_btc,iota_btc
OKEX,1st_btc,1st_btc
OKEX,aac_btc,aac_btc
OKEX,ace_btc,ace_btc
OKEX,act_btc,act_btc
OKEX,aidoc_btc,aidoc_btc
OKEX,amm_btc,amm_btc
OKEX,ark_btc,ark_btc
OKEX,ast_btc,ast_btc
OKEX,atl_btc,atl_btc
OKEX,avt_btc,avt_btc
OKEX,bcd_btc,bcd_btc
OKEX,bcx_btc,bcx_btc
OKEX,bec_btc,bec_btc
OKEX,bnt_btc,bnt_btc
OKEX,brd_btc,brd_btc
OKEX,bt2_btc,bt2_btc
OKEX,btm_btc,btm_btc
OKEX,cag_btc,cag_btc
OKEX,can_btc,can_btc
OKEX,cbt_btc,cbt_btc
OKEX,chat_btc,chat_btc
OKEX,cic_btc,cic_btc
OKEX,cmt_btc,cmt_btc
OKEX,ctr_btc,ctr_btc
OKEX,cvc_btc,cvc_btc
OKEX,dash_btc,dash_btc
OKEX,dat_btc,dat_btc
OKEX,dent_btc,dent_btc
OKEX,dgb_btc,dgb_btc
OKEX,dgd_btc,dgd_btc
OKEX,dna_btc,dna_btc
OKEX,dnt_btc,dnt_btc
OKEX,dpy_btc,dpy_btc
OKEX,edo_btc,edo_btc
OKEX,elf_btc,elf_btc
OKEX,eng_btc,eng_btc
OKEX,eos_btc,eos_btc
OKEX,evx_btc,evx_btc
OKEX,fair_btc,fair_btc
OKEX,fun_btc,fun_btc
OKEX,gnt_btc,gnt_btc
OKEX,gnx_btc,gnx_btc
OKEX,gto_btc,gto_btc
OKEX,hmc_btc,hmc_btc
OKEX,hot_btc,hot_btc
OKEX,icn_btc,icn_btc
OKEX,icx_btc,icx_btc
OKEX,ins_btc,ins_btc
OKEX,insur_btc,insur_btc
OKEX,int_btc,int_btc
OKEX,iost_btc,iost_btc
OKEX,ipc_btc,ipc_btc
OKEX,itc_btc,itc_btc
OKEX,kcash_btc,kcash_btc
OKEX,key_btc,key_btc
OKEX,knc_btc,knc_btc
OKEX,la_btc,la_btc
OKEX,lend_btc,lend_btc
OKEX,lev_btc,lev_btc
OKEX,light_btc,light_btc
OKEX,link_btc,link_btc
OKEX,lrc_btc,lrc_btc
OKEX,mag_btc,mag_btc
OKEX,mana_btc,mana_btc
OKEX,mco_btc,mco_btc
OKEX,mda_btc,mda_btc
OKEX,mdt_btc,mdt_btc
OKEX,mkr_btc,mkr_btc
OKEX,mof_btc,mof_btc
OKEX,mot_btc,mot_btc
OKEX,mth_btc,mth_btc
OKEX,mtl_btc,mtl_btc
OKEX,nano_btc,nano_btc
OKEX,nas_btc,nas_btc
OKEX,ngc_btc,ngc_btc
OKEX,nuls_btc,nuls_btc
OKEX,oax_btc,oax_btc
OKEX,of_btc,of_btc
OKEX,omg_btc,omg_btc
OKEX,ost_btc,ost_btc
OKEX,pay_btc,pay_btc
OKEX,poe_btc,poe_btc
OKEX,ppt_btc,ppt_btc
OKEX,pra_btc,pra_btc
OKEX,pst_btc,pst_btc
OKEX,qun_btc,qun_btc
OKEX,qvt_btc,qvt_btc
OKEX,r_btc,r_btc
OKEX,rcn_btc,rcn_btc
OKEX,rct_btc,rct_btc
OKEX,rdn_btc,rdn_btc
OKEX,read_btc,read_btc
OKEX,ref_btc,ref_btc
OKEX,req_btc,req_btc
OKEX,rnt_btc,rnt_btc
OKEX,salt_btc,salt_btc
OKEX,san_btc,san_btc
OKEX,sbtc_btc,sbtc_btc
OKEX,show_btc,show_btc
OKEX,smt_btc,smt_btc
OKEX,snc_btc,snc_btc
OKEX,sngls_btc,sngls_btc
OKEX,snm_btc,snm_btc
OKEX,snt_btc,snt_btc
OKEX,soc_btc,soc_btc
OKEX,spf_btc,spf_btc
OKEX,ssc_btc,ssc_btc
OKEX,stc_btc,stc_btc
OKEX,storj_btc,storj_btc
OKEX,sub_btc,sub_btc
OKEX,swftc_btc,swftc_btc
OKEX,tct_btc,tct_btc
OKEX,theta_btc,theta_btc
OKEX,tio_btc,tio_btc
OKEX,tnb_btc,tnb_btc
OKEX,topc_btc,topc_btc
OKEX,true_btc,true_btc
OKEX,trx_btc,trx_btc
OKEX,ubtc_btc,ubtc_btc
OKEX,uct_btc,uct_btc
OKEX,ugc_btc,ugc_btc
OKEX,ukg_btc,ukg_btc
OKEX,utk_btc,utk_btc
OKEX,vee_btc,vee_btc
OKEX,vib_btc,vib_btc
OKEX,viu_btc,viu_btc
OKEX,wbtc_btc,wbtc_btc
OKEX,wrc_btc,wrc_btc
OKEX,wtc_btc,wtc_btc
OKEX,xmr_btc,xmr_btc
OKEX,xuc_btc,xuc_btc
OKEX,yee_btc,yee_btc
OKEX,yoyo_btc,yoyo_btc
OKEX,zec_btc,zec_btc
OKEX,zen_btc,zen_btc
OKEX,zip_btc,zip_btc
OKEX,zrx_btc,zrx_btc
OKEX,xrp_usdt,xrp_usdt
OKEX,xem_usdt,xem_usdt
OKEX,xlm_usdt,xlm_usdt
OKEX,iota_usdt,iota_usdt
OKEX,1st_usdt,1st_usdt
OKEX,aac_usdt,aac_usdt
OKEX,ace_usdt,ace_usdt
OKEX,act_usdt,act_usdt
OKEX,aidoc_usdt,aidoc_usdt
OKEX,amm_usdt,amm_usdt
OKEX,ark_usdt,ark_usdt
OKEX,ast_usdt,ast_usdt
OKEX,atl_usdt,atl_usdt
OKEX,avt_usdt,avt_usdt
OKEX,bcd_usdt,bcd_usdt
OKEX,bec_usdt,bec_usdt
OKEX,bnt_usdt,bnt_usdt
OKEX,brd_usdt,brd_usdt
OKEX,btg_usdt,btg_usdt
OKEX,btm_usdt,btm_usdt
OKEX,cag_usdt,cag_usdt
OKEX,can_usdt,can_usdt
OKEX,cbt_usdt,cbt_usdt
OKEX,chat_usdt,chat_usdt
OKEX,cic_usdt,cic_usdt
OKEX,cmt_usdt,cmt_usdt
OKEX,ctr_usdt,ctr_usdt
OKEX,cvc_usdt,cvc_usdt
OKEX,dash_usdt,dash_usdt
OKEX,dat_usdt,dat_usdt
OKEX,dent_usdt,dent_usdt
OKEX,dgb_usdt,dgb_usdt
OKEX,dgd_usdt,dgd_usdt
OKEX,dna_usdt,dna_usdt
OKEX,dnt_usdt,dnt_usdt
OKEX,dpy_usdt,dpy_usdt
OKEX,edo_usdt,edo_usdt
OKEX,elf_usdt,elf_usdt
OKEX,eng_usdt,eng_usdt
OKEX,eos_usdt,eos_usdt
OKEX,evx_usdt,evx_usdt
OKEX,fair_usdt,fair_usdt
OKEX,fun_usdt,fun_usdt
OKEX,gnt_usdt,gnt_usdt
OKEX,gnx_usdt,gnx_usdt
OKEX,gto_usdt,gto_usdt
OKEX,hmc_usdt,hmc_usdt
OKEX,hot_usdt,hot_usdt
OKEX,icn_usdt,icn_usdt
OKEX,icx_usdt,icx_usdt
OKEX,ins_usdt,ins_usdt
OKEX,insur_usdt,insur_usdt
OKEX,int_usdt,int_usdt
OKEX,iost_usdt,iost_usdt
OKEX,ipc_usdt,ipc_usdt
OKEX,itc_usdt,itc_usdt
OKEX,kcash_usdt,kcash_usdt
OKEX,key_usdt,key_usdt
OKEX,knc_usdt,knc_usdt
OKEX,la_usdt,la_usdt
OKEX,lend_usdt,lend_usdt
OKEX,lev_usdt,lev_usdt
OKEX,light_usdt,light_usdt
OKEX,link_usdt,link_usdt
OKEX,lrc_usdt,lrc_usdt
OKEX,mag_usdt,mag_usdt
OKEX,mana_usdt,mana_usdt
OKEX,mco_usdt,mco_usdt
OKEX,mda_usdt,mda_usdt
OKEX,mdt_usdt,mdt_usdt
OKEX,mkr_usdt,mkr_usdt
OKEX,mof_usdt,mof_usdt
OKEX,mot_usdt,mot_usdt
OKEX,mth_usdt,mth_usdt
OKEX,mtl_usdt,mtl_usdt
OKEX,nano_usdt,nano_usdt
OKEX,nas_usdt,nas_usdt
OKEX,ngc_usdt,ngc_usdt
OKEX,nuls_usdt,nuls_usdt
OKEX,oax_usdt,oax_usdt
OKEX,of_usdt,of_usdt
OKEX,omg_usdt,omg_usdt
OKEX,ost_usdt,ost_usdt
OKEX,pay_usdt,pay_usdt
OKEX,poe_usdt,poe_usdt
OKEX,ppt_usdt,ppt_usdt
OKEX,pra_usdt,pra_usdt
OKEX,pst_usdt,pst_usdt
OKEX,qun_usdt,qun_usdt
OKEX,qvt_usdt,qvt_usdt
OKEX,r_usdt,r_usdt
OKEX,rcn_usdt,rcn_usdt
OKEX,rct_usdt,rct_usdt
OKEX,rdn_usdt,rdn_usdt
OKEX,read_usdt,read_usdt
OKEX,ref_usdt,ref_usdt
OKEX,req_usdt,req_usdt
OKEX,rnt_usdt,rnt_usdt
OKEX,salt_usdt,salt_usdt
OKEX,san_usdt,san_usdt
OKEX,show_usdt,show_usdt
OKEX,smt_usdt,smt_usdt
OKEX,snc_usdt,snc_usdt
OKEX,sngls_usdt,sngls_usdt
OKEX,snm_usdt,snm_usdt
OKEX,snt_usdt,snt_usdt
OKEX,soc_usdt,soc_usdt
OKEX,spf_usdt,spf_usdt
OKEX,ssc_usdt,ssc_usdt
OKEX,stc_usdt,stc_usdt
OKEX,storj_usdt,storj_usdt
OKEX,sub_usdt,sub_usdt
OKEX,swftc_usdt,swftc_usdt
OKEX,tct_usdt,tct_usdt
OKEX,theta_usdt,theta_usdt
OKEX,tio_usdt,tio_usdt
OKEX,tnb_usdt,tnb_usdt
OKEX,topc_usdt,topc_usdt
OKEX,true_usdt,true_usdt
OKEX,trx_usdt,trx_usdt
OKEX,ubtc_usdt,ubtc_usdt
OKEX,uct_usdt,uct_usdt
OKEX,ugc_usdt,ugc_usdt
OKEX,ukg_usdt,ukg_usdt
OKEX,utk_usdt,utk_usdt
OKEX,vee_usdt,vee_usdt
OKEX,vib_usdt,vib_usdt
OKEX,viu_usdt,viu_usdt
OKEX,wrc_usdt,wrc_usdt
OKEX,wtc_usdt,wtc_usdt
OKEX,xmr_usdt,xmr_usdt
OKEX,xuc_usdt,xuc_usdt
OKEX,yee_usdt,yee_usdt
OKEX,yoyo_usdt,yoyo_usdt
OKEX,zec_usdt,zec_usdt
OKEX,zen_usdt,zen_usdt
OKEX,zip_usdt,zip_usdt
OKEX,zrx_usdt,zrx_usdt
OKEX,ltc_bch,ltc_bch
OKEX,etc_bch,etc_bch
OKEX,act_bch,act_bch
OKEX,avt_bch,avt_bch
OKEX,bcd_bch,bcd_bch
OKEX,bcx_bch,bcx_bch
OKEX,btg_bch,btg_bch
OKEX,cmt_bch,cmt_bch
OKEX,dash_bch,dash_bch
OKEX,dgd_bch,dgd_bch
OKEX,edo_bch,edo_bch
OKEX,eos_bch,eos_bch
OKEX,sbtc_bch,sbtc_bch
OKEX,ltc_eth,ltc_eth
OKEX,bch_eth,bch_eth
OKEX,xrp_eth,xrp_eth
OKEX,xem_eth,xem_eth
OKEX,xlm_eth,xlm_eth
OKEX,iota_eth,iota_eth
OKEX,1st_eth,1st_eth
OKEX,aac_eth,aac_eth
OKEX,ace_eth,ace_eth
OKEX,act_eth,act_eth
OKEX,aidoc_eth,aidoc_eth
OKEX,amm_eth,amm_eth
OKEX,ark_eth,ark_eth
OKEX,ast_eth,ast_eth
OKEX,atl_eth,atl_eth
OKEX,avt_eth,avt_eth
OKEX,bec_eth,bec_eth
OKEX,bnt_eth,bnt_eth
OKEX,brd_eth,brd_eth
OKEX,btm_eth,btm_eth
OKEX,cag_eth,cag_eth
OKEX,can_eth,can_eth
OKEX,cbt_eth,cbt_eth
OKEX,chat_eth,chat_eth
OKEX,cic_eth,cic_eth
OKEX,cmt_eth,cmt_eth
OKEX,ctr_eth,ctr_eth
OKEX,cvc_eth,cvc_eth
OKEX,dash_eth,dash_eth
OKEX,dat_eth,dat_eth
OKEX,dent_eth,dent_eth
OKEX,dgb_eth,dgb_eth
OKEX,dgd_eth,dgd_eth
OKEX,dna_eth,dna_eth
OKEX,dnt_eth,dnt_eth
OKEX,dpy_eth,dpy_eth
OKEX,edo_eth,edo_eth
OKEX,elf_eth,elf_eth
OKEX,eng_eth,eng_eth
OKEX,eos_eth,eos_eth
OKEX,evx_eth,evx_eth
OKEX,fair_eth,fair_eth
OKEX,fun_eth,fun_eth
OKEX,gas_eth,gas_eth
OKEX,gnt_eth,gnt_eth
OKEX,gnx_eth,gnx_eth
OKEX,gto_eth,gto_eth
OKEX,hmc_eth,hmc_eth
OKEX,hot_eth,hot_eth
OKEX,hsr_eth,hsr_eth
OKEX,icn_eth,icn_eth
OKEX,icx_eth,icx_eth
OKEX,ins_eth,ins_eth
OKEX,insur_eth,insur_eth
OKEX,int_eth,int_eth
OKEX,iost_eth,iost_eth
OKEX,ipc_eth,ipc_eth
OKEX,itc_eth,itc_eth
OKEX,kcash_eth,kcash_eth
OKEX,key_eth,key_eth
OKEX,knc_eth,knc_eth
OKEX,la_eth,la_eth
OKEX,lend_eth,lend_eth
OKEX,lev_eth,lev_eth
OKEX,light_eth,light_eth
OKEX,link_eth,link_eth
OKEX,lrc_eth,lrc_eth
OKEX,mag_eth,mag_eth
OKEX,mana_eth,mana_eth
OKEX,mco_eth,mco_eth
OKEX,mda_eth,mda_eth
OKEX,mdt_eth,mdt_eth
OKEX,mkr_eth,mkr_eth
OKEX,mof_eth,mof_eth
OKEX,mot_eth,mot_eth
OKEX,mth_eth,mth_eth
OKEX,mtl_eth,mtl_eth
OKEX,nano_eth,nano_eth
OKEX,nas_eth,nas_eth
OKEX,neo_eth,neo_eth
OKEX,ngc_eth,ngc_eth
OKEX,nuls_eth,nuls_eth
OKEX,oax_eth,oax_eth
OKEX,of_eth,of_eth
OKEX,omg_eth,omg_eth
OKEX,ost_eth,ost_eth
OKEX,pay_eth,pay_eth
OKEX,poe_eth,poe_eth
OKEX,ppt_eth,ppt_eth
OKEX,pra_eth,pra_eth
OKEX,pst_eth,pst_eth
OKEX,qtum_eth,qtum_eth
OKEX,qun_eth,qun_eth
OKEX,qvt_eth,qvt_eth
OKEX,r_eth,r_eth
OKEX,rcn_eth,rcn_eth
OKEX,rct_eth,rct_eth
OKEX,rdn_eth,rdn_eth
OKEX,read_eth,read_eth
OKEX,ref_eth,ref_eth
OKEX,req_eth,req_eth
OKEX,rnt_eth,rnt_eth
OKEX,salt_eth,salt_eth
OKEX,san_eth,san_eth
OKEX,show_eth,show_eth
OKEX,smt_eth,smt_eth
OKEX,snc_eth,snc_eth
OKEX,sngls_eth,sngls_eth
OKEX,snm_eth,snm_eth
OKEX,snt_eth,snt_eth
OKEX,soc_eth,soc_eth
OKEX,spf_eth,spf_eth
OKEX,ssc_eth,ssc_eth
OKEX,stc_eth,stc_eth
OKEX,storj_eth,storj_eth
OKEX,sub_eth,sub_eth
OKEX,swftc_eth,swftc_eth
OKEX,tct_eth,tct_eth
OKEX,theta_eth,theta_eth
OKEX,tio_eth,tio_eth
OKEX,tnb_eth,tnb_eth
OKEX,topc_eth,topc_eth
OKEX,true_eth,true_eth
OKEX,trx_eth,trx_eth
OKEX,ubtc_eth,ubtc_eth
OKEX,uct_eth,uct_eth
OKEX,ugc_eth,ugc_eth
OKEX,ukg_eth,ukg_eth
OKEX,utk_eth,utk_eth
OKEX,vee_eth,vee_eth
OKEX,vib_eth,vib_eth
OKEX,viu_eth,viu_eth
OKEX,wrc_eth,wrc_eth
OKEX,wtc_eth,wtc_eth
OKEX,xmr_eth,xmr_eth
OKEX,xuc_eth,xuc_eth
OKEX,yee_eth,yee_eth
OKEX,yoyo_eth,yoyo_eth
OKEX,zec_eth,zec_eth
OKEX,zen_eth,zen_eth
OKEX,zip_eth,zip_eth
OKEX,zrx_eth,zrx_eth
OKEX,mith_btc,mith_btc
OKEX,mith_usdt,mith_usdt
OKEX,mith_eth,mith_eth
OKEX,abt_btc,abt_btc
OKEX,abt_usdt,abt_usdt
OKEX,abt_eth,abt_eth
OKEX,auto_btc,auto_btc
OKEX,bkx_btc,bkx_btc
OKEX,gtc_btc,gtc_btc
OKEX,auto_usdt,auto_usdt
OKEX,bkx_usdt,bkx_usdt
OKEX,gtc_usdt,gtc_usdt
OKEX,auto_eth,auto_eth
OKEX,bkx_eth,bkx_eth
OKEX,gtc_eth,gtc_eth
OKEX,gsc_btc,gsc_btc
OKEX,rfr_btc,rfr_btc
OKEX,trio_btc,trio_btc
OKEX,gsc_usdt,gsc_usdt
OKEX,rfr_usdt,rfr_usdt
OKEX,trio_usdt,trio_usdt
OKEX,gsc_eth,gsc_eth
OKEX,rfr_eth,rfr_eth
OKEX,trio_eth,trio_eth
OKEX,tra_btc,tra_btc
OKEX,tra_usdt,tra_usdt
OKEX,tra_eth,tra_eth
OKEX,ren_btc,ren_btc
OKEX,wfee_btc,wfee_btc
OKEX,ren_usdt,ren_usdt
OKEX,wfee_usdt,wfee_usdt
OKEX,ren_eth,ren_eth
OKEX,wfee_eth,wfee_eth
OKEX,
OKEXNW,btc_usd,btc_usd
OKEXNW,ltc_usd,ltc_usd
OKEXNW,eth_usd,eth_usd
OKEXNW,etc_usd,etc_usd
OKEXNW,bch_usd,bch_usd
OKEXQU,btc_usd,btc_usd
OKEXQU,ltc_usd,ltc_usd
OKEXQU,eth_usd,eth_usd
OKEXQU,etc_usd,etc_usd
OKEXQU,bch_usd,bch_usd
OKEXTW,btc_usd,btc_usd
OKEXTW,ltc_usd,ltc_usd
OKEXTW,eth_usd,eth_usd
OKEXTW,etc_usd,etc_usd
OKEXTW,bch_usd,bch_usd
POLONIEX,BTC_BCN,bcn_btc
POLONIEX,BTC_BELA,bela_btc
POLONIEX,BTC_BLK,blk_btc
POLONIEX,BTC_BTCD,btcd_btc
POLONIEX,BTC_BTM,btm_btc
POLONIEX,BTC_BTS,bts_btc
POLONIEX,BTC_BURST,burst_btc
POLONIEX,BTC_CLAM,clam_btc
POLONIEX,BTC_DASH,dash_btc
POLONIEX,BTC_DGB,dgb_btc
POLONIEX,BTC_DOGE,doge_btc
POLONIEX,BTC_EMC2,emc2_btc
POLONIEX,BTC_FLDC,fldc_btc
POLONIEX,BTC_FLO,flo_btc
POLONIEX,BTC_GAME,game_btc
POLONIEX,BTC_GRC,grc_btc
POLONIEX,BTC_HUC,huc_btc
POLONIEX,BTC_LTC,ltc_btc
POLONIEX,BTC_MAID,maid_btc
POLONIEX,BTC_OMNI,omni_btc
POLONIEX,BTC_NAV,nav_btc
POLONIEX,BTC_NEOS,neos_btc
POLONIEX,BTC_NMC,nmc_btc
POLONIEX,BTC_NXT,nxt_btc
POLONIEX,BTC_PINK,pink_btc
POLONIEX,BTC_POT,pot_btc
POLONIEX,BTC_PPC,ppc_btc
POLONIEX,BTC_RIC,ric_btc
POLONIEX,BTC_STR,str_btc
POLONIEX,BTC_SYS,sys_btc
POLONIEX,BTC_VIA,via_btc
POLONIEX,BTC_XVC,xvc_btc
POLONIEX,BTC_VRC,vrc_btc
POLONIEX,BTC_VTC,vtc_btc
POLONIEX,BTC_XBC,xbc_btc
POLONIEX,BTC_XCP,xcp_btc
POLONIEX,BTC_XEM,xem_btc
POLONIEX,BTC_XMR,xmr_btc
POLONIEX,BTC_XPM,xpm_btc
POLONIEX,BTC_XRP,xrp_btc
POLONIEX,USDT_BTC,btc_usdt
POLONIEX,USDT_DASH,dash_usdt
POLONIEX,USDT_LTC,ltc_usdt
POLONIEX,USDT_NXT,nxt_usdt
POLONIEX,USDT_STR,str_usdt
POLONIEX,USDT_XMR,xmr_usdt
POLONIEX,USDT_XRP,xrp_usdt
POLONIEX,XMR_BCN,bcn_xmr
POLONIEX,XMR_BLK,blk_xmr
POLONIEX,XMR_BTCD,btcd_xmr
POLONIEX,XMR_DASH,dash_xmr
POLONIEX,XMR_LTC,ltc_xmr
POLONIEX,XMR_MAID,maid_xmr
POLONIEX,XMR_NXT,nxt_xmr
POLONIEX,BTC_ETH,eth_btc
POLONIEX,USDT_ETH,eth_usdt
POLONIEX,BTC_SC,sc_btc
POLONIEX,BTC_BCY,bcy_btc
POLONIEX,BTC_EXP,exp_btc
POLONIEX,BTC_FCT,fct_btc
POLONIEX,BTC_RADS,rads_btc
POLONIEX,BTC_AMP,amp_btc
POLONIEX,BTC_DCR,dcr_btc
POLONIEX,BTC_LSK,lsk_btc
POLONIEX,ETH_LSK,lsk_eth
POLONIEX,BTC_LBC,lbc_btc
POLONIEX,BTC_STEEM,steem_btc
POLONIEX,ETH_STEEM,steem_eth
POLONIEX,BTC_SBD,sbd_btc
POLONIEX,BTC_ETC,etc_btc
POLONIEX,ETH_ETC,etc_eth
POLONIEX,USDT_ETC,etc_usdt
POLONIEX,BTC_REP,rep_btc
POLONIEX,USDT_REP,rep_usdt
POLONIEX,ETH_REP,rep_eth
POLONIEX,BTC_ARDR,ardr_btc
POLONIEX,BTC_ZEC,zec_btc
POLONIEX,ETH_ZEC,zec_eth
POLONIEX,USDT_ZEC,zec_usdt
POLONIEX,XMR_ZEC,zec_xmr
POLONIEX,BTC_STRAT,strat_btc
POLONIEX,BTC_NXC,nxc_btc
POLONIEX,BTC_PASC,pasc_btc
POLONIEX,BTC_GNT,gnt_btc
POLONIEX,ETH_GNT,gnt_eth
POLONIEX,BTC_GNO,gno_btc
POLONIEX,ETH_GNO,gno_eth
POLONIEX,BTC_BCH,bch_btc
POLONIEX,ETH_BCH,bch_eth
POLONIEX,USDT_BCH,bch_usdt
POLONIEX,BTC_ZRX,zrx_btc
POLONIEX,ETH_ZRX,zrx_eth
POLONIEX,BTC_CVC,cvc_btc
POLONIEX,ETH_CVC,cvc_eth
POLONIEX,BTC_OMG,omg_btc
POLONIEX,ETH_OMG,omg_eth
POLONIEX,BTC_GAS,gas_btc
POLONIEX,ETH_GAS,gas_eth
POLONIEX,BTC_STORJ,storj_btc
ZB,btc_usdt,btc_usdt
ZB,bcc_usdt,bcc_usdt
ZB,ltc_usdt,ltc_usdt
ZB,eth_usdt,eth_usdt
ZB,etc_usdt,etc_usdt
ZB,bts_usdt,bts_usdt
ZB,eos_usdt,eos_usdt
ZB,qtum_usdt,qtum_usdt
ZB,hsr_usdt,hsr_usdt
ZB,xrp_usdt,xrp_usdt
ZB,bcd_usdt,bcd_usdt
ZB,dash_usdt,dash_usdt
ZB,bcc_btc,bcc_btc
ZB,ltc_btc,ltc_btc
ZB,eth_btc,eth_btc
ZB,etc_btc,etc_btc
ZB,bts_btc,bts_btc
ZB,eos_btc,eos_btc
ZB,qtum_btc,qtum_btc
ZB,hsr_btc,hsr_btc
ZB,xrp_btc,xrp_btc
ZB,bcd_btc,bcd_btc
ZB,dash_btc,dash_btc
ZB,bat_usdt,bat_usdt
ZB,sbtc_btc,sbtc_btc
ZB,ubtc_usdt,ubtc_usdt
ZB,bcw_usdt,bcw_usdt
ZB,chat_btc,chat_btc
ZB,ink_btc,ink_btc
ZB,sbtc_usdt,sbtc_usdt
ZB,topc_btc,topc_btc
ZB,qun_usdt,qun_usdt
ZB,btp_btc,btp_btc
ZB,tv_btc,tv_btc
ZB,qun_btc,qun_btc
ZB,bth_btc,bth_btc
ZB,1st_usdt,1st_usdt
ZB,btn_usdt,btn_usdt
ZB,true_btc,true_btc
ZB,topc_usdt,topc_usdt
ZB,ddm_btc,ddm_btc
ZB,safe_usdt,safe_usdt
ZB,lbtc_usdt,lbtc_usdt
ZB,bite_btc,bite_btc
ZB,hlc_usdt,hlc_usdt
ZB,bat_btc,bat_btc
ZB,lbtc_btc,lbtc_btc
ZB,ink_usdt,ink_usdt
ZB,chat_usdt,chat_usdt
ZB,cdc_usdt,cdc_usdt
ZB,ubtc_btc,ubtc_btc
ZB,cdc_btc,cdc_btc
ZB,ent_usdt,ent_usdt
ZB,bth_usdt,bth_usdt
ZB,ddm_usdt,ddm_usdt
ZB,hlc_btc,hlc_btc
ZB,1st_btc,1st_btc
ZB,bcx_btc,bcx_btc
ZB,btp_usdt,btp_usdt
ZB,bcw_btc,bcw_btc
ZB,ent_btc,ent_btc
ZB,bcx_usdt,bcx_usdt
ZB,safe_btc,safe_btc
ZB,true_usdt,true_usdt
ZB,tv_usdt,tv_usdt
ZB,btn_btc,btn_btc
ZB,hotc_btc,hotc_btc
ZB,hotc_usdt,hotc_usdt
ZB,epc_btc,epc_btc
ZB,xuc_btc,xuc_btc
ZB,qc_usdt,qc_usdt
ZB,bds_btc,bds_btc
ZB,zb_usdt,zb_usdt
ZB,zb_btc,zb_btc
ZB,gram_btc,gram_btc
ZB,gram_usdt,gram_usdt
ZB,doge_usdt,doge_usdt
ZB,doge_btc,doge_btc
ZB,neo_usdt,neo_usdt
ZB,neo_btc,neo_btc
ZB,omg_usdt,omg_usdt
ZB,omg_btc,omg_btc
ZB,hpy_usdt,hpy_usdt
ZB,hpy_btc,hpy_btc
ZB,btm_btc,btm_btc
ZB,btm_usdt,btm_usdt
ZB,fun_btc,fun_btc
ZB,mana_btc,mana_btc
ZB,icx_btc,icx_btc
ZB,rcn_usdt,rcn_usdt
ZB,icx_usdt,icx_usdt
ZB,snt_btc,snt_btc
ZB,zrx_usdt,zrx_usdt
ZB,fun_usdt,fun_usdt
ZB,edo_usdt,edo_usdt
ZB,edo_btc,edo_btc
ZB,snt_usdt,snt_usdt
ZB,zrx_btc,zrx_btc
ZB,rcn_btc,rcn_btc
ZB,ae_usdt,ae_usdt
ZB,ae_btc,ae_btc
ZB,mana_usdt,mana_usdt
